neighborhood_id,year,diabetes_prev,median_income,poverty_rate,age_65_plus,unemployment_rate,pm25,food_access_index
N1,2022,0.15518953237928043,67450.71229516849,0.14032149891801707,0.19238442690503463,0.10569089569224076,9.297539875829992,0.5531726086101638
N2,2022,0.13942528894319334,83688.19223261088,0.20372043104070361,0.1365262807032524,0.07627680130757894,8.609746921562614,0.5068540492859486
N3,2022,0.03,63629.43407349051,0.02,0.07375410837434836,0.04313137412277082,6.961506638996728,0.6628494665190547
N4,2022,0.17522674109124098,46379.638867181835,0.051138740906529576,0.2332824384460777,0.05322671098540393,10.202584614063772,0.31505036275730863
N5,2022,0.13407557212679488,51834.25913212226,0.15776458127969062,0.10245032112888486,0.07127094055037016,8.198083930243586,0.5416612500413446
N6,2022,0.2534338847674029,50974.40081655905,0.27965947291562565,0.1593251387631033,0.02826867213132299,12.467634736309567,0.3558312700057955
N7,2022,0.0948520545327299,63132.95392507133,0.02,0.09359069755507847,0.0659058370760737,12.215399739986232,0.634273656237994
N8,2022,0.08184531800027194,58265.27576417639,0.12892274130874978,0.08607390048162863,0.038404673748158744,8.618083687120638,0.8114244452437831
N9,2022,0.06549018137874443,65154.27434352692,0.026587189124608612,0.17620419846973975,0.0484475315875105,7.969233999082124,0.7223352577681735
N10,2022,0.13659431379402717,75464.99283743926,0.2151896083381339,0.11803912383886808,0.05072362872446356,10.993790294210692,0.7951090254244718
N11,2022,0.12546787196692755,52812.38643232065,0.13700387163353278,0.10468325129969859,0.024113801277579873,12.437577467182594,0.8712480057141645
N12,2022,0.1608140316486985,58919.848176294996,0.2202473028524417,0.1780818012523817,0.04064640736184627,11.084186816525241,0.9076073132931939
N13,2022,0.17487038703215527,59462.60941335073,0.25952505590698044,0.05,0.08465707513125671,10.261141204714514,0.5401985299068265
N14,2022,0.1501734111711937,61376.41164803253,0.02,0.1490164056081244,0.07071337714535239,14.433682134224547,0.4963459563452705
N15,2022,0.13762359047124173,47872.595956602185,0.11487700694908243,0.20577010588510372,0.06986253328979053,8.410719388698883,0.7026534866226712
N16,2022,0.1806761815756311,61456.16324022061,0.21780514933730225,0.12489734530613239,0.05017013560206695,8.823675540603528,0.30729701037357626
N17,2022,0.11748870670824907,64441.80415596864,0.16827386905259226,0.16025567283212305,0.05296238599874559,5.753887773848757,0.5158709354469282
N18,2022,0.18577599445527243,54859.282252098456,0.09384059115448667,0.15193571441669954,0.07212152570443615,15.65855770363159,0.6349155625663677
N19,2022,0.07691851331375574,63863.25586084147,0.1447887858963683,0.06406143923504792,0.05920458373652349,10.18069062982308,1.0
N20,2022,0.17304201906747727,57114.58552828316,0.17110831396335285,0.15826441151473783,0.024939658871414035,13.42846844354506,0.7503866065373548
N21,2022,0.10290819316139754,71865.47920564571,0.08634287816436827,0.23013971554680496,0.01794446811623157,11.76057128140081,1.0
N22,2022,0.09958446257159562,45141.955123039676,0.11035915892780596,0.16498256825438207,0.04489573037651402,5.3480097068016015,0.6137125949612054
N23,2022,0.15764701823430124,44065.44429410843,0.1831514701444627,0.11402878828830984,0.10649803215052618,7.650240122991288,0.5355876967588649
N24,2022,0.06267062221657785,72202.75826054504,0.06383949784962312,0.17137299673020648,0.09921428262847284,5.177550296316317,0.6369267717064608
N25,2022,0.15123435165820465,63898.24191372635,0.20472760102441173,0.0981524644560959,0.020386301607471707,11.565824696850694,0.6593969346466372
N26,2022,0.1702155110295036,63757.39275518815,0.1742513746647883,0.12599876392107545,0.06696761091483011,10.879217419896044,0.45712971639472644
N27,2022,0.07636833113045327,87986.61766717135,0.18316830446382512,0.10043482513986757,0.0796966082590149,7.075954989318036,0.7574169207484904
N28,2022,0.1132952340480806,77378.93368511106,0.09255223771538026,0.20816880646221608,0.07238342780809495,12.46618047998347,0.9793585965307895
N29,2022,0.10520254020510188,56319.17825995694,0.09723846849497572,0.11552427851872384,0.03552569145103685,9.768694871757688,0.6682303949633288
N30,2022,0.12998729682703222,64150.36198995029,0.20790282743252167,0.16065009459389534,0.10360602231471949,9.206029500286132,1.0
N31,2022,0.08246213178279406,69385.01021647509,0.08999897105086022,0.10645537509694439,0.07447417245729555,9.329611644022448,0.7428000988184184
N32,2022,0.08854781250938305,67098.56436860317,0.1449019761140189,0.11766031409657976,0.014554583259424062,8.660455143798936,0.7712797588646945
N33,2022,0.0872273009953075,63211.40616195306,0.06279828549016082,0.1686590462925591,0.0715595213918651,7.348427691396601,0.6307450211891056
N34,2022,0.1372707147020465,60873.13077669,0.06999207915185637,0.17788936801741417,0.07682353579104703,13.249153729525831,0.8107604104069805
N35,2022,0.1306656147045175,39334.959480643636,0.0843522472059414,0.185751763360433,0.07541357852736626,11.545143058918143,1.0
N36,2022,0.16681339247581636,68563.35766039751,0.22948959481264192,0.20770008817466012,0.07954173753917393,9.054192266078964,0.7517938440986535
N37,2022,0.254957309700265,48407.621781936425,0.13342269752819938,0.13573182260854483,0.06245622418158967,16.943975700020527,0.22654696148165032
N38,2022,0.11748807447748474,70293.9028556177,0.037109889016724365,0.13640340671052834,0.09266851790902098,10.192840057286388,0.38445104441413874
N39,2022,0.184500706820036,49270.444361100475,0.1975718424254273,0.12348166841414317,0.06649375768745924,10.13671551971144,0.46967993047883655
N40,2022,0.0694298977348008,92159.16133987988,0.19437433156226078,0.05874287066711964,0.06559362944308282,8.014640605694836,0.7704866669592447
N41,2022,0.1421256635702906,48112.188923509486,0.14196844909731707,0.18524936394902286,0.08597265582510363,6.3991107788326715,0.5330997528318103
N42,2022,0.11155890745418573,52875.82033258566,0.10426695371984016,0.24827271201405485,0.07214945132882866,6.217348136994865,0.7835723894109552
N43,2022,0.17354145420170922,91832.3429551895,0.22227256823858027,0.08403150170229932,0.04547297781401246,13.800733447559868,0.4584661068762438
N44,2022,0.07402108548839959,66657.29142219343,0.20422438374005358,0.11365347642109586,0.058214239318146,0.2761979797927818,0.39512247173314197
N45,2022,0.11893976832046098,56211.4777291026,0.06265517726246052,0.24162056519658176,0.017095758661181022,8.67986653990905,0.6261481154572183
N46,2022,0.06699828606272194,81619.09933599173,0.04948964941743923,0.218158187607748,0.06030699183058761,7.055474046856148,0.6924206948526541
N47,2022,0.11910608856674793,62985.895433602054,0.10798481859888437,0.16349010424950094,0.048440592094147195,10.340552035753744,0.7324261349042094
N48,2022,0.0972265174297529,83790.25224218029,0.06335291508212056,0.2666516687328133,0.01,9.54464471489325,0.7176634412969153
N49,2022,0.08759671141693894,64214.87801602549,0.10641103361255842,0.14959388748213626,0.04520997196023501,8.231905729167366,0.7699204194042049
N50,2022,0.15237438102668094,65355.23228947571,0.1014963283317542,0.20497999377166254,0.06921898562629827,12.43858635651688,0.7259257683847224
N51,2022,0.15864788622266554,47565.07483616892,0.11078732718621212,0.1973646802561631,0.07831110796300395,9.937295218107556,0.6234654766617563
N52,2022,0.09275835934215715,79164.97343682637,0.10859000278149189,0.1873548690585019,0.053934220426983176,9.34695639031834,0.8197553703974381
N53,2022,0.2067691540010269,72381.24523482045,0.2069456745200447,0.22527394035771647,0.06063011524898277,12.045858913884892,0.5379466486813088
N54,2022,0.08197276032088627,64862.49528732663,0.14088998619426207,0.16484979824963591,0.0778547107631074,7.545337950299583,1.0
N55,2022,0.1593713031569967,44909.73927750447,0.06500679710485874,0.2179055436750034,0.08374988081888807,11.872359451156466,0.7256691018528559
N56,2022,0.15432941692750904,59816.29840729628,0.08719219399599178,0.1637902279096863,0.03968514865463665,12.925359200253254,0.5705885236995722
N57,2022,0.12665492278608315,47617.54204811233,0.12750299108429045,0.1806465727137812,0.04308826341588076,7.5333388133007055,0.6487374422983825
N58,2022,0.11116456280545989,63674.49856663084,0.11451397772402092,0.13644808471908387,0.06696149812072909,5.655746975508028,0.3185072451246889
N59,2022,0.1972444531518513,49223.33668121346,0.13505869938017068,0.17554537827990024,0.10426068650848655,12.572978869606057,0.5680122940073146
N60,2022,0.14643094771646414,59714.75688145967,0.07982294447535337,0.1590743432003805,0.05134024083239585,10.968155681014268,0.4345538112895354
N61,2022,0.21463408914524554,67790.19771361758,0.25729172391018046,0.15456199257715714,0.07205135166296824,12.070431975133339,0.5197559056228327
N62,2022,0.134593622172693,63361.38722715625,0.15088146805472563,0.1648838049274416,0.036809706484336,10.073530522776828,0.69959965824909
N63,2022,0.2052888594856585,81767.15411692562,0.2171489578259645,0.2676591228755778,0.03697957311335851,12.616961910162034,0.6366684011476703
N64,2022,0.03,92847.04399826509,0.09341912002513938,0.1180139078909612,0.04201822063667933,3.6283128270705793,0.49484899566384777
N65,2022,0.22203216887542154,48613.01007669453,0.16052756505333454,0.17708779878885797,0.11628512517647657,12.851271514558151,0.4846192688675194
N66,2022,0.21320192802595675,46523.77992977463,0.1844343420054554,0.0939883396489679,0.11494376297563061,13.538320362163862,0.506164869579059
N67,2022,0.18346891530129067,34302.98206363684,0.2447710661915789,0.1542730077373691,0.09713448935920385,5.216717023616899,0.4801249954092454
N68,2022,0.11904189547048444,60078.65549577275,0.15328864156353195,0.13749672642603783,0.07868549797042496,6.797138711852217,0.5715241029957413
N69,2022,0.09494926193823376,61804.434475678485,0.18601071838411243,0.1955807439044445,0.02626073724486392,5.397657487793133,0.8555353643797018
N70,2022,0.18204754012903024,64984.71017969387,0.09760594244104123,0.23755759877612614,0.06347023902878576,13.537891552191478,0.6135036962820217
N71,2022,0.16232193553062743,90911.21887322981,0.27287385897102434,0.14755179257604634,0.08914712852863066,11.936127848755444,0.8737263115064697
N72,2022,0.19484654826663042,45526.14809129843,0.19802360219989074,0.2129212243424794,0.01,6.450224462002675,0.19215356444797982
N73,2022,0.273572705674351,55958.89748333163,0.20022795790571735,0.23511785260480142,0.06222284341259325,14.885846636713875,0.32397970835702167
N74,2022,0.11931935205580652,34449.26340967268,0.1461116610772367,0.17920327244696538,0.0590191575571772,3.79767369988037,0.5821759920974423
N75,2022,0.19394583176598074,40432.9574924272,0.1968770784181027,0.1783299123048424,0.03180360641017934,8.45839924798992,0.3881572956222097
N76,2022,0.1658722879252798,59059.813540902425,0.21685996243508668,0.11071369768322281,0.07512139546553533,8.409227144882678,0.44142543354753117
N77,2022,0.16536314638389218,58394.544600681635,0.0775330374306438,0.1323175347326409,0.024063663222334546,15.894175398749168,0.6070527103943457
N78,2022,0.16675142857824185,49504.117380111216,0.16497859375139554,0.15438359751545852,0.053370912014003305,11.842500100130275,0.7515015420094611
N79,2022,0.05491561380398512,52042.48278584209,0.10969272315487238,0.1462474151424178,0.01,5.454426813404343,0.873374853488905
N80,2022,0.1988432565879654,84674.51570251926,0.1325674772310535,0.18882784815278833,0.06933750463630609,19.236642425365712,0.8239149822869154
N81,2022,0.10804227038016374,58081.2361277885,0.08311216915797019,0.07967768398712137,0.0661039090760167,7.73094776414709,0.31554925808046513
N82,2022,0.13017415021292095,50301.4067363621,0.07429163974699234,0.24435708175362825,0.08644919270848352,9.976082076050147,0.8959888277780051
N83,2022,0.12349322810112565,61160.524614714275,0.08971010590702153,0.23615620386348288,0.07616730131053975,6.888261537020631,0.5619322643832784
N84,2022,0.09654863244117969,46865.726199228644,0.053204018832496466,0.20630887737658207,0.11728249921410391,5.804297278542577,0.7125938473381142
N85,2022,0.15012492547631953,50240.361463172594,0.11590122313647128,0.13038030378805654,0.03408027690960552,10.145564883834481,0.4338099767177924
N86,2022,0.10309591343991578,64056.85238669758,0.1464833323385604,0.14805259765667952,0.03277309013875206,8.269686008295002,0.7510782451651512
N87,2022,0.06016364037170413,67513.75781436572,0.08157113286410142,0.1649666152714613,0.08254161370115368,4.991784156635885,0.708672038475987
N88,2022,0.10467925968693595,50060.643615812296,0.18994190680152115,0.12183704217287417,0.01,5.117372686350512,0.6096169893322764
N89,2022,0.1426309935151308,63895.83752582223,0.08669783624269138,0.1919296229388687,0.010154398131931204,9.80176060405805,0.3577967600475086
N90,2022,0.18761779233614995,50222.45838296761,0.15331790699214898,0.11697933173580238,0.048463333673105236,13.018878427643322,0.48462162609537024
N91,2022,0.06421787088687711,72535.38168097712,0.07092052017396672,0.18649020889576415,0.10324705861973701,2.585066499618132,0.44062094890590464
N92,2022,0.1433131625953914,68656.0819077081,0.13578682297699052,0.17855729366856543,0.04188044439852538,10.2597693624187,0.5688645529215841
N93,2022,0.13622280785614768,77516.73092489711,0.1678094590310849,0.1768801331037601,0.04764369101632598,8.53718132778252,0.5134883624360758
N94,2022,0.18174889179298462,65916.78213567445,0.12053108634258158,0.17448874284482066,0.12226202395936317,12.613374110295076,0.5347952935664317
N95,2022,0.03484180687981565,78018.20883245918,0.12143472388849139,0.0580937732411073,0.029757410672477877,4.3876242369224325,0.5296973031917382
N96,2022,0.2693581501051363,60276.27568784328,0.2673506118592698,0.17634636868820813,0.053426984135734074,12.488216743550467,0.15777293819842292
N97,2022,0.171194388132599,63534.21837162849,0.2039605635720877,0.08607068771100793,0.09431262129620788,11.015489222483243,0.5169424172198397
N98,2022,0.2115210497736968,69491.72799159428,0.3089485000463077,0.16909331275292477,0.06744661758901008,8.621917301379268,0.43003112610704164
N99,2022,0.11947831717074103,72455.03724816369,0.09007413218637927,0.16357831186096963,0.0456702765970465,11.436939477239175,0.6667324210573896
N100,2022,0.0893609276809238,75563.0991638685,0.1142988520801677,0.14650625323533145,0.030637088526530777,8.667120219771665,0.6754600986089704
N101,2022,0.10886958847331052,71354.82924968028,0.0854484273075662,0.203480296005283,0.10066913576414852,11.240304709671102,0.9753591625116131
N102,2022,0.12979463153803567,48393.1620134464,0.06287417076820079,0.07106398755478607,0.10488132934467548,11.963096969062173,0.588883065817909
N103,2022,0.14051489542712484,64199.529394797304,0.07121576668911363,0.2822875989808413,0.06387663545925683,10.328184383814678,0.7451533247797384
N104,2022,0.16957764148605275,67215.13847605069,0.1656718816995392,0.12047627722773441,0.07414405071407987,15.6460734894251,0.8690840092309955
N105,2022,0.07597728483510113,83897.79939959096,0.11421490264981704,0.11051975898707095,0.056226392397010556,10.167174736866084,0.8188383036941898
N106,2022,0.21601697567176048,34613.030554277706,0.257068522362243,0.15209960507105053,0.047193567901577395,6.963686874219498,0.2690286656268461
N107,2022,0.06913148670885735,72347.55875942872,0.15513225770318828,0.09550195501294731,0.021147636838091517,8.992645902129615,0.9338043050578786
N108,2022,0.03,56106.12972954593,0.044779993281732544,0.1477128467957028,0.05181829290756988,1.9093400711752846,0.5891410266964375
N109,2022,0.2215153852275611,56535.98204686983,0.19873444553693928,0.25244780474726725,0.09379695088643272,9.193333928335509,0.3786948182516659
N110,2022,0.12195165902120644,98600.3970487479,0.15414529038101418,0.16069646459564732,0.0592762473866999,10.594254282303565,0.5711279176152115
N111,2022,0.11602705403427716,51395.069896796456,0.11171987411317255,0.1583623364892001,0.04369725686598705,7.861462651968507,0.6212860455383793
N112,2022,0.24833586347625478,56175.34173868717,0.25527950920078823,0.05,0.09274520555767385,13.738255577492886,0.18532195351837005
N113,2022,0.05059770988456319,54859.68608879477,0.12399913938029458,0.08962441526410894,0.036665499372273744,6.668272463602514,0.9504540886847246
N114,2022,0.15009603788301812,74035.17589721191,0.2390088566495911,0.19608360320216175,0.026128446863483125,8.42643920116068,0.6978749122455836
N115,2022,0.19488560017692036,41668.08286662082,0.19990989011206717,0.14798373009209326,0.04875537577351207,12.132879904610474,0.688852662297208
N116,2022,0.1993393572344836,54585.507512713804,0.23115308623549735,0.10594683362000513,0.07847806820832791,11.779303773905152,0.5380907121372019
N117,2022,0.08616594186471636,64891.99533363177,0.06242204965302878,0.20620135096034506,0.054452935906710326,8.431830938442882,0.8098018451673779
N118,2022,0.03,49434.84464185861,0.05140770925455081,0.08216854132380481,0.07818029854036919,6.15871194251115,0.950958836396873
N119,2022,0.20698440787588396,28771.058881744168,0.2687519457803027,0.17055087336013092,0.057098606643888224,8.365242739573151,0.6798272228704142
N120,2022,0.1743027446395429,59435.47946362727,0.2272311317411565,0.165711382433102,0.06450905284385633,8.909163363358433,0.5886108752557865
N121,2022,0.09054069157567604,64617.026533380886,0.030288212514036197,0.09259072889471436,0.08229792282068145,10.512596314383826,0.5632033327294641
N122,2022,0.17213236840232266,60276.5089959809,0.17433071937531697,0.13301201598453194,0.036650858237930614,10.587535765293044,0.4043254444769936
N123,2022,0.1025038595504923,66123.79133571708,0.03081914770335116,0.2114577818662822,0.07417792447239129,10.768089202941628,0.7965381967891028
N124,2022,0.09886329154809305,84982.11666693864,0.22100590455126912,0.06795628843341774,0.02161269099792895,8.125544266912964,0.6052182100421667
N125,2022,0.12997117964490834,67764.88530703685,0.0991979330792574,0.1693383382238539,0.03733851202940032,8.165446591024155,0.3186677806303555
N126,2022,0.049203115054434976,46151.50130833643,0.055382077606856636,0.11120633735113336,0.09160925389823518,7.151803333504171,1.0
N127,2022,0.11939280444393846,67399.76851321333,0.16293852865864117,0.11708211099093932,0.08100929638226974,8.273086521286679,0.6244019629290722
N128,2022,0.08546342864958863,98401.26807403192,0.1432758070192745,0.2174636663142838,0.03890470724622337,9.895034528509115,0.954160127127102
N129,2022,0.21691568704632808,50595.494133183485,0.27687139905978503,0.1953875967727738,0.043125996723171967,11.897223217166562,0.7945108899253459
N130,2022,0.06966794413511225,69327.14943325795,0.04008426960766803,0.12364314120875658,0.052574440933454855,9.77669971269986,0.7241344195101356
N131,2022,0.11448942410574953,62665.51501399881,0.0565258948902929,0.17900989255029817,0.07831757235851469,11.67937134379312,0.8161561451109244
N132,2022,0.14806475145790238,72508.83231823356,0.18214260554599057,0.15649171442706766,0.010171171994520257,11.288854657397758,0.6415375374326222
N133,2022,0.08546375776982208,64073.6825579306,0.06062759969257833,0.10594717297958689,0.0915945855999871,9.881334538430036,0.7363001394745249
N134,2022,0.17351551406659008,60424.77564195692,0.15208292976470217,0.2069141902987999,0.04451865815347878,10.28836233082295,0.5075449422589915
N135,2022,0.20388496861048336,53482.55658851527,0.12835795135719524,0.17110668858168565,0.04563754135009568,13.767268376720562,0.4210785395560992
N136,2022,0.22404114559991747,57196.92533757961,0.11921882592080775,0.23234889421768665,0.06589664329534724,13.095533618405906,0.30288792539260556
N137,2022,0.13482544807221808,64005.75398803888,0.2122741556936406,0.1641141994637712,0.09196441125196053,8.448134649698883,0.881869488037116
N138,2022,0.16523918241008217,94483.47185428876,0.12460130076922385,0.1377248739299614,0.10360153431353103,14.738716437192137,0.49542799456934633
N139,2022,0.10796589216344485,53697.19774356214,0.1302750773797645,0.09277747444828614,0.03244044160547405,6.987577699743796,0.44644048697917427
N140,2022,0.20815511780841042,59479.72668919828,0.16639503127755645,0.23752502464070385,0.03004937877783627,12.952967195429752,0.5572022311548982
N141,2022,0.1502350705453499,59258.044355213504,0.19723736445166226,0.10386389892188508,0.07147229238552151,10.499356624639168,0.6984902528016298
N142,2022,0.19407411935556929,64337.52965861727,0.3218710097937626,0.1281130007874342,0.04407009134994547,8.130578420725707,0.488904576167949
N143,2022,0.1763373774171052,50439.19309040223,0.23323115717752863,0.23102521239949275,0.04287761118751571,7.502933280687314,0.6942831112772808
N144,2022,0.1804624197621464,51716.65433578543,0.19430522724288574,0.17014615104256497,0.014527676550083038,14.642515603990185,0.9591755346191043
N145,2022,0.13438723646003883,50808.16964273421,0.1228608908044811,0.17429326953624524,0.07003370369961075,11.975632818018491,1.0
N146,2022,0.06834155044889496,57345.79158758926,0.09411919288230822,0.09103403859927364,0.03807209880174243,9.90061908137861,0.9589115727035575
N147,2022,0.2573395965656441,52235.830514457426,0.1656651566147229,0.1591788551963624,0.09565179820344252,17.580797277620867,0.49382624541593584
N148,2022,0.2325903998700383,52658.40836222667,0.22309126139483504,0.19409457448131556,0.11540121977208101,11.751784555977892,0.5281415818425881
N149,2022,0.19614908357930216,68859.82246038463,0.22760925064080356,0.2010241090598682,0.07521822093321893,13.200024068767462,0.8338591180891346
N150,2022,0.19833898531578967,80732.38486556291,0.195409692131275,0.1516440959841573,0.06440141059299968,13.61952689952507,0.43661286580255276
N151,2022,0.14636253821888054,65530.099633093516,0.12246628313708474,0.16143724114674088,0.09835355587821895,10.57329720405971,0.6092873096312298
N152,2022,0.20033837941854105,39602.15788530121,0.20223774962190544,0.19227420905705378,0.1248976416991638,9.076665295140998,0.6438300655327878
N153,2022,0.20517734557490275,63740.75525566133,0.26042172958344323,0.1552352233806524,0.06837064577311017,11.823689529149618,0.6373218246312716
N154,2022,0.19006791499403047,53303.49578174208,0.16358629950288153,0.2136815874929886,0.02920454101766819,10.398909022440629,0.4599758370121653
N155,2022,0.13158523687198495,77925.69943387264,0.043376916665135754,0.13205390763642058,0.07131635625193562,14.696572087703021,0.5868499477854024
N156,2022,0.202521700327143,51672.00709960202,0.2816809948608413,0.0875993049791878,0.01,11.320043350159997,0.49958915512947777
N157,2022,0.12956673317776043,44681.5077430393,0.19958495131095472,0.17219003568855995,0.043077641077898146,6.159086803987317,0.7744914656560289
N158,2022,0.1268215107574382,69753.01766937991,0.14305768953544318,0.2523318498023833,0.02789745701021542,5.423424487225784,0.46161838602375105
N159,2022,0.08956961153043014,59316.209754667536,0.16703376145258841,0.1479381971071835,0.0705616618954289,6.245381727428668,0.8887529208146518
N160,2022,0.19853679767756416,58767.732324111465,0.22821070821116896,0.1771362673188852,0.07370259657461352,11.709301840696611,0.689541712003463
N161,2022,0.1532828543991418,69640.84139801316,0.2430406771092702,0.1698260584850735,0.08127011272765536,9.73079291713832,0.8880234430898946
N162,2022,0.21884936237683975,49854.115469110955,0.2760658303037571,0.15799210246778284,0.017076746936458553,10.384313244732368,0.4637896685050238
N163,2022,0.13733252080158737,72609.65323483085,0.10431632144883263,0.13769082833926102,0.01,8.64308104225277,0.11522413467420861
N164,2022,0.1813348433037617,36241.45764771415,0.2032290259301008,0.19929000793254162,0.07276372685354894,7.099071570612361,0.590457728771604
N165,2022,0.13826833306414804,59945.96191364148,0.06891447175652199,0.23516991508835755,0.08632086871727014,9.337107478511008,0.6053771677989062
N166,2022,0.0626480972158626,63125.74211921329,0.02,0.14764113087397016,0.03954047256006604,6.995139970315254,0.543779941422809
N167,2022,0.15933410349345314,86965.29790274284,0.1948590002886907,0.13144105051086016,0.07717748344068476,14.198066309758007,0.7849267365825537
N168,2022,0.1579779372593682,60894.45554880261,0.10471442556060981,0.1949111656806795,0.07180456156265248,12.685579660083196,0.7270343603363939
N169,2022,0.2162582144997327,75743.29072979002,0.11253353519076023,0.2258697032817163,0.06592798814077198,16.225782617875797,0.46216243638208643
N170,2022,0.09873372165706479,86039.45704747873,0.16385375484238535,0.12742909981927758,0.04548342497837035,9.038958075417039,0.6848331892803833
N171,2022,0.18168199254648437,67842.5323205325,0.10984099972429946,0.15878227038695086,0.1242681107583559,15.182629510302135,0.6872647339348064
N172,2022,0.18150722453020557,60570.05217252301,0.1584021928702783,0.19067589863652085,0.029316223044047834,9.227870387729965,0.2662831852244821
N173,2022,0.15684379083197336,65988.34683907918,0.19530371577919187,0.1358406768850313,0.10721960289870097,6.322703010992976,0.3071250239580359
N174,2022,0.23158817938234819,63366.77727839958,0.22329688118285082,0.24419638457289344,0.0462334721139318,13.236042500293888,0.5922983060998586
N175,2022,0.19435276139186275,57410.59050088771,0.21185619562406707,0.192616143920671,0.01270823529047252,14.429621049177687,0.8760182708294904
N176,2022,0.17636374759147333,50616.55947735706,0.17770624734061863,0.18470150931413695,0.06782021297471721,8.349084538463739,0.4656753264123896
N177,2022,0.26230100124998407,59616.688935128324,0.23209103134815554,0.18718000772972163,0.04888157003741682,12.315096131945033,0.1
N178,2022,0.03,77231.48550558156,0.028220035485533007,0.1418779529298434,0.026409903161215685,6.115955572837283,0.8321653574757039
N179,2022,0.19684056420386847,52984.48198032163,0.1742552717211501,0.1576539710560408,0.07431122481669364,10.230465673180767,0.34340155516228604
N180,2022,0.12333175281084387,74944.0022917071,0.11543703917870812,0.08217090506701244,0.04715654517102262,14.502279371902933,0.7700443484226985
N181,2022,0.15594375905143137,54770.21798388211,0.12555196069770996,0.14391824743913087,0.12230243950682522,11.14580635669466,0.6860083294382139
N182,2022,0.13476452030821923,75454.25181047764,0.16671524113185593,0.14704789270896484,0.05410950452745065,9.785196221757808,0.5925555526980316
N183,2022,0.19336841272575675,70914.4431545547,0.15363621200651095,0.19663200386077898,0.05757850259674253,10.235905570948272,0.20035986309357845
N184,2022,0.21636994755902667,73744.91512053722,0.1742541933128595,0.20990050549298261,0.01,16.265124114342182,0.5720820743689652
N185,2022,0.05013731108810912,76622.74225106275,0.07720658510121282,0.1906386952531285,0.028397533104790318,8.128693117912585,0.9828062707733572
N186,2022,0.17218681085363216,57139.7639885498,0.1652203011225806,0.20350338653443772,0.07487045663917813,10.451256715430729,0.672992200493245
N187,2022,0.13108102385878762,96051.23377857413,0.14596668420764902,0.17005495233574838,0.09151963188022835,13.31657779887395,0.837406061112076
N188,2022,0.15020289069707116,69580.95333043777,0.06998965610886614,0.2416715766150548,0.02560963820943936,10.907906395717099,0.44914482999612837
N189,2022,0.20685995748603797,59037.92480110511,0.17301336872124362,0.17606786077251366,0.07265762262705854,14.841133807175941,0.6907068603027959
N190,2022,0.19503174793375916,56337.65047064027,0.21748610178018501,0.21947352444623203,0.023171765545890226,11.792200209549573,0.7402345484621796
N191,2022,0.18598213255832113,55536.54744960012,0.24629947693181337,0.15249722064837368,0.06376729360414626,9.48078452714839,0.6031158095162935
N192,2022,0.1582845412376375,43555.87369657197,0.04919643821839938,0.23972525316124862,0.03459115955045017,7.025822951631079,0.16932197727925702
N193,2022,0.09258253158270222,50415.57378465746,0.0573837144614751,0.24210075800681846,0.09029451268027902,7.935548964466829,1.0
N194,2022,0.09814469532865906,74726.48230487392,0.12726180315439642,0.05,0.12872827717772223,5.831282599709212,0.27092025060862157
N195,2022,0.22789637696967946,75338.5564801446,0.32078266844374914,0.22921364092552593,0.07691727360157079,11.784263024995859,0.7706831117560615
N196,2022,0.1306714526875573,71383.92884680147,0.1696833996778563,0.1652100551975938,0.05812220616301433,7.7381062333999715,0.5438649846266451
N197,2022,0.12874721895983174,34605.64778706922,0.1431162261243675,0.11057044464245414,0.02689232048352687,10.539682453460436,0.8784004572689199
N198,2022,0.058069480281681796,73774.74909003469,0.0400649577463776,0.11051859317148313,0.08822313563964647,7.052537819385071,0.5550733700005951
N199,2022,0.08377538539974295,68250.78148536828,0.08221588815954552,0.165268775307298,0.019979235152453867,8.195897068146358,0.6639563868285073
N200,2022,0.1686831868309318,36105.09399702496,0.18083323165722792,0.15901811005366595,0.07657469863251443,10.671742402193985,0.8728280859947688
N1,2023,0.14184649631417037,61878.36753971861,0.11994161212123228,0.1661148751516142,0.07629894087109164,10.146580210977113,0.6081183382407764
N2,2023,0.10796923790198057,49470.12468289867,0.10359693577143361,0.08986973641001532,0.11248730229560817,6.268410293826145,0.46141896044081854
N3,2023,0.1631115968278522,49223.89101646204,0.21264470638611088,0.1452525160853986,0.097432262180212,7.979528127268394,0.6557988324447603
N4,2023,0.2173766538314037,47469.794201103636,0.3001604389441372,0.10062007904852435,0.06929462130681083,11.901330642796296,0.6827598194902996
N5,2023,0.13783586886439272,57220.68511683438,0.14091255101866015,0.16219057359895547,0.05558993995114534,12.891637350384729,1.0
N6,2023,0.07726934549958712,51637.623224882496,0.05411379142946454,0.15558589758243727,0.13739128012962953,7.588976296090808,0.9278233610888135
N7,2023,0.12033691792000255,85165.51221114662,0.11124882308044037,0.18844915395926376,0.10885189869385614,8.86261677703754,0.5592839279795276
N8,2023,0.12965118914221535,51274.786290770346,0.07896702885149931,0.12753612274669965,0.023281791997132303,10.102250404777678,0.4460053537882716
N9,2023,0.04559930980821253,63506.788676861215,0.04108730476574607,0.17654401161072286,0.08500586884826773,4.018793072285634,0.6748113139695144
N10,2023,0.10528274232871054,78415.03488709938,0.06532512869161561,0.24362861934188518,0.07257057028098135,7.884964432724773,0.5888461844684588
N11,2023,0.17966566025912295,68374.90368782583,0.1553203773988688,0.18693779962231846,0.03237979220761901,10.508082472108233,0.3172571006190039
N12,2023,0.14329912807131706,58331.60907976949,0.0867264650974647,0.12322350287051168,0.09708279525631311,13.273930361782806,0.7218276241814354
N13,2023,0.23828555127172485,43615.308529911315,0.12785140852136387,0.2206548849989592,0.06425150740919713,16.957988619945084,0.6786635678788744
N14,2023,0.14166151077319647,62880.73674735047,0.1283618475058249,0.1666770452391141,0.05542590490858368,12.12432603006577,0.7913404633589168
N15,2023,0.10997700024676074,48210.158092380756,0.05681369325095552,0.06818973134483516,0.0752397398073763,6.689900181478379,0.16942188140950337
N16,2023,0.22334786221401498,65828.67906796446,0.3245099662202954,0.15969645442300534,0.08515472323354925,10.245488075642696,0.5802220693617715
N17,2023,0.09414367646613395,73786.14724481653,0.12968078190679438,0.17336961570359516,0.0696509341858804,7.995728639070854,0.7984084699073045
N18,2023,0.13514818630139927,57375.60364956887,0.09709783883550085,0.18682549217852018,0.03304596054626888,10.084543472107384,0.5981762006711593
N19,2023,0.1820843307906717,76288.43348747367,0.18322887630159668,0.1587486520627428,0.08453298897600861,14.170622647051939,0.7115620612703725
N20,2023,0.08075930301921663,60155.28929765071,0.058171463735488815,0.10674431684623137,0.05084325886935997,8.171463393522151,0.5626057394029108
N21,2023,0.2072867402119838,60849.74887345661,0.18707849280497116,0.15647506109704545,0.07459504931478605,10.193423244430361,0.20490668672922568
N22,2023,0.16705701852080124,45909.96909271869,0.13991387109948691,0.09951526285794463,0.07799786189988614,14.592252497031092,0.8437523703394634
N23,2023,0.18279678475060956,56798.35693604688,0.2543508295794966,0.16743337286010557,0.049887420866458816,8.159792009377181,0.5395060627023743
N24,2023,0.15231641193796422,54177.34772188157,0.16192913556628413,0.16802869905249324,0.06009138060460243,11.31081450923905,0.8381292549572683
N25,2023,0.030274411404609528,74243.31203161986,0.046057142208506735,0.05,0.0880295973371782,5.899363904753737,0.5550469196214632
N26,2023,0.16247780300173592,42448.304609109604,0.023861369369398616,0.1870731364102394,0.0827746548090794,8.270468797819841,0.1
N27,2023,0.13603553939490992,51806.33327621276,0.17742628037817826,0.08605442156129356,0.06550079759337467,9.954070452481014,0.7158582999202177
N28,2023,0.15580398221207564,61793.705526212296,0.0818851741382911,0.21982857508322456,0.0552441128091909,9.918086381470204,0.4133464081853607
N29,2023,0.13066501142671627,53350.766232127346,0.08806381001811692,0.15135269700382886,0.1113512544042703,5.884296571205931,0.2772877204246517
N30,2023,0.0635860587087767,82067.55491240413,0.13534734259936937,0.12654636306700418,0.09119714062188229,8.183153380789408,0.9652019427093872
N31,2023,0.1711719357149432,70168.88807008904,0.1158462014298008,0.2678654106632752,0.04182855230989985,12.226286116027921,0.6598585160812984
N32,2023,0.19750922086449493,79526.11934098197,0.2593057837708797,0.16160020745328835,0.0373974638896145,11.37991642881735,0.4644569260495788
N33,2023,0.09826893120724725,90200.80871289935,0.1595574731757916,0.14173392243439456,0.06554040917594725,5.9586211314109105,0.4056771922978697
N34,2023,0.12230906177115775,78006.20861916638,0.10401740047200228,0.10765445086590303,0.07609958257581859,13.557112463988991,0.7437906621330134
N35,2023,0.09688612930741,74940.71528708725,0.09702434380013773,0.08890946666290782,0.1050400095586646,9.031960483473593,0.5498333967089906
N36,2023,0.1276175093130842,79922.91212773586,0.1889361006580462,0.18279438860408037,0.12495007034703251,8.06944530885957,0.7855680256162474
N37,2023,0.1773381634939336,60855.19687345627,0.168801459520428,0.2364234213206266,0.0752350726886887,11.614888237148898,0.8145014674619604
N38,2023,0.1900546635599789,54525.70905685672,0.09125532328626954,0.10775954029894833,0.01,16.168621389820967,0.37935832685566334
N39,2023,0.19254930912144022,56681.19564621342,0.13062306900777554,0.17537033489045503,0.08447211637617891,12.581420465079237,0.48338451228621226
N40,2023,0.16636446371198654,57493.174293203825,0.16978059653418098,0.14756544369082264,0.10822036728059978,11.472924854914755,0.7469755572099634
N41,2023,0.19286615710081428,69943.21903001118,0.23214317002397275,0.16905107793518534,0.0210950415613246,11.199063855257926,0.46972862124163417
N42,2023,0.16827000976857404,52070.74977375365,0.19104548131285654,0.2219141535716818,0.06063814730208185,10.92649903779689,0.9404429889270476
N43,2023,0.23269555512467607,63611.297692328524,0.33211781799262763,0.1882754822815772,0.01,12.260024863313598,0.6762316769765555
N44,2023,0.1508198687124301,79346.29131124119,0.19712269458889708,0.1530772008008113,0.023271052911319028,9.372930228141925,0.4298959091581399
N45,2023,0.1578360985895986,51292.14825292916,0.19120048830944267,0.24349522521757033,0.07184014589468943,6.412350813894447,0.6889205336440282
N46,2023,0.07654191997830959,77949.47229968477,0.10731519669764324,0.1532991416663541,0.06044064584187591,7.64530506075328,0.7296560867687718
N47,2023,0.17675210196621002,58185.77777088327,0.17936727107349193,0.115625391109895,0.046876250990297685,12.167144073483314,0.5254333695816465
N48,2023,0.11453674916343147,85904.45776850107,0.12202546700697783,0.1712342362875943,0.08797772495619269,5.7449028012009045,0.24783823760384477
N49,2023,0.1946900691164729,37115.15528144858,0.23838088723990275,0.13240709270537765,0.13674597857004755,8.307257204027835,0.6369102606394074
N50,2023,0.24008303940336245,83131.64928851814,0.29042650217113863,0.2630751788318199,0.09625098691779427,13.072187577434388,0.7185053898402366
N51,2023,0.11455717611529885,71675.41614249957,0.11141699985700265,0.11909005582888464,0.059898766277671434,9.489446132425215,0.509354390134545
N52,2023,0.1461165336704221,70445.81171185074,0.21687136459993575,0.16442034431459238,0.10432590243165785,6.574932657599485,0.5612681081440564
N53,2023,0.1395688980772703,49247.66519095792,0.02,0.15586596570786504,0.056347574748501494,14.540349229726393,0.7261623369109556
N54,2023,0.251479747644962,44637.19763506192,0.2797864796433932,0.22105168477626766,0.07746293110405847,9.320547703450504,0.408112152655304
N55,2023,0.2313231847636273,54416.8983589342,0.22621240337929302,0.25422931529673043,0.10629730584816566,8.533451734641178,0.3760765133421977
N56,2023,0.12024527054484045,62113.29370366806,0.026209244410600366,0.17615838570923908,0.055571922411039934,8.601890494395274,0.28105938654664087
N57,2023,0.06356114327035244,67704.00159854574,0.11271094122366619,0.1015041582144856,0.01,9.91745528484809,0.9544503193339489
N58,2023,0.07007448005635175,84918.88821821805,0.11800326203896097,0.129889396981911,0.07406322768225071,7.0048436824351255,0.6603583799638931
N59,2023,0.1603367019228295,71491.20417577036,0.2358853256719015,0.15499229617600235,0.05388978749469102,7.366052239730317,0.43462392919202797
N60,2023,0.22277124234842965,56602.8166214771,0.17571558547713245,0.2056792313116625,0.03590463147958965,14.478065706878565,0.5457752797914862
N61,2023,0.12943472283239105,59679.490584773455,0.09769518245965235,0.05,0.08652136189083148,12.2105316912773,0.5437344885763573
N62,2023,0.1857426622720056,61004.86075837308,0.18611574523928695,0.08187270715567287,0.044128419679611154,12.38279403886548,0.3491421153661501
N63,2023,0.04264619976445448,64403.368982499436,0.05503927367636163,0.18332149912167633,0.05893075553107549,5.154604552283471,0.8329478708914343
N64,2023,0.11652391590429315,48981.12634802926,0.09328232940899332,0.17002845986154713,0.09445912048286145,6.952534543064809,0.6123359699695943
N65,2023,0.13686858151267883,66432.24750495859,0.1985173925084201,0.16882207776386127,0.04898916482750033,7.517229338053841,0.6172287766092749
N66,2023,0.0753607323166099,43917.9148202159,0.02,0.1818279902078834,0.08711804523258586,2.9112026933744843,0.3980538590580125
N67,2023,0.16128202558849702,69287.31391507796,0.2940246828798189,0.1610396853837704,0.03815991176312597,9.45131067668548,0.874975283829637
N68,2023,0.09553750232883085,50310.53731313197,0.09405655953448225,0.13586282389089838,0.031400141752238625,10.368010947984386,0.9249356916939121
N69,2023,0.15238163621248121,64846.18909674043,0.13233525485115985,0.1454094365542228,0.013104275739100286,12.649329331441477,0.5844325605974395
N70,2023,0.20632511585832825,57292.80129614061,0.37351752974914026,0.17493764541828433,0.03744626849714447,8.72092721138337,0.8296891418393509
N71,2023,0.1524067019266747,61699.056158066465,0.04932054151778431,0.20596144672876018,0.039955677433830175,15.619893328652637,0.8160096131429297
N72,2023,0.23018187889076053,53290.17156511873,0.2396711453214579,0.16339277552637016,0.08558321025366658,11.454198451883425,0.43072866900182527
N73,2023,0.14392297092363454,50346.75251523807,0.2220972572306813,0.14326123339467295,0.0478905461027401,7.134632261951941,0.6847198131186922
N74,2023,0.08657114213245103,90937.87378864718,0.07527269600220089,0.16121097283363792,0.10236661666246287,9.761075826262855,0.6904743592499467
N75,2023,0.17665729918997083,44064.0970777968,0.1799814968045354,0.15064278674977255,0.08957189987039589,13.562158154694254,1.0
N76,2023,0.1672871095395243,68694.49759820364,0.17280574216075165,0.1697192150788668,0.04940501121567935,11.015451530385073,0.5409197179721941
N77,2023,0.2179817718005759,62526.91464404421,0.24223182749255717,0.10967287173601795,0.09419635683387136,13.951345202019596,0.5763862946017843
N78,2023,0.16424294912682516,28172.17651487108,0.10745246090338972,0.22484972732805547,0.05931395813103353,7.0020933031152675,0.4990450157543565
N79,2023,0.15360977077229218,72609.3003975683,0.18827134977409654,0.1480533950415153,0.04899526764555937,8.824725552868534,0.4155179631002994
N80,2023,0.18271139884275783,84230.63534204163,0.1274375671552062,0.22085792604127483,0.10563948155767354,12.99493269444388,0.5136759374563903
N81,2023,0.07253241794135754,66055.95135504914,0.14830630755263585,0.11481490696349358,0.06973077845164809,6.462880626520592,0.8375358776923127
N82,2023,0.1923965052315918,53030.7405405241,0.16408117591109875,0.17416439357730712,0.052232850788877676,11.760081404425824,0.5050192686754951
N83,2023,0.09631733685110805,73069.45946185866,0.05578142238272758,0.1663189789773206,0.11816786997174854,6.999006026183276,0.46445100589502963
N84,2023,0.15236189363714298,67708.61774488373,0.16257072473577186,0.17753150496367798,0.07467561390442991,11.904164405685309,0.8219399683912446
N85,2023,0.17409697664610102,66147.27985392768,0.133111964176702,0.19362868506013658,0.11699645804685646,9.602098760852279,0.40509413906587166
N86,2023,0.08826842431015221,76606.2100393046,0.14157331852324812,0.05136652269929819,0.08542265031451264,8.394015442138231,0.5818933435391678
N87,2023,0.17896725260590599,64979.70495853522,0.16333497758453464,0.19547259085695198,0.0469354088829047,11.539317394528249,0.5480906644832165
N88,2023,0.11639238518638986,71082.15721331254,0.19307572388091374,0.11322806489777024,0.09257946348525097,8.392109664657855,0.761611559656229
N89,2023,0.1959929502170099,65509.30970102011,0.2786728573756586,0.1488267008814074,0.04952049611645407,9.941741182336802,0.5393640434331449
N90,2023,0.0648290809255431,71999.12852913074,0.036858257409438835,0.1073158790426823,0.027965912352624203,12.850922775920727,0.9421226745163851
N91,2023,0.12227380861067572,58433.261721937924,0.13818247937669925,0.16350260815565906,0.09485634907824571,7.217940597428278,0.647673796546957
N92,2023,0.06359819793536796,74627.96444673644,0.18507659189578918,0.16947908082993718,0.09003138277701422,1.8903031210022885,0.7355750639061815
N93,2023,0.10128245801589347,50188.864753088645,0.021855697220047987,0.18556012997624904,0.10120975635488873,9.587654456116924,0.7905749094405877
N94,2023,0.22598798912251705,84184.17386982968,0.2420440117508833,0.24199822646856967,0.08226382473215677,10.226300916704778,0.27960683762056626
N95,2023,0.15425529522369424,56309.062678050774,0.09097273832786656,0.2685471358748907,0.0547234256270299,10.369614420353457,0.7102970752080935
N96,2023,0.19276162939535366,60654.03669558681,0.26865357283015273,0.1288675319132774,0.06583822365711728,7.772588242905855,0.3359954977558588
N97,2023,0.10701803434164062,50823.46363642072,0.14740742420661115,0.138534888774137,0.03922737060378432,5.781047608984498,0.583378885474261
N98,2023,0.19211051569131768,37429.19438953497,0.20320391745827218,0.16412198764672517,0.016273455016052082,9.07237276885041,0.4495687188818833
N99,2023,0.13707677886655018,64787.61765628771,0.24383153122162013,0.06624137651771277,0.06345078237442252,9.519601613300079,0.7342680152900931
N100,2023,0.1480389262964466,63197.94942356534,0.09736214677828266,0.1440473032166691,0.03611922429589533,13.228021415795794,0.6042623297343884
N101,2023,0.07766377763999303,88517.86028629511,0.14575374303297653,0.12457966165447687,0.014588568221615188,4.590580971232165,0.283172811398902
N102,2023,0.1244620784490264,64006.89976517225,0.18561075162609536,0.08094046489839332,0.08685114942228346,8.550816844949681,0.6293586023971098
N103,2023,0.09138168269429361,84183.30942383136,0.21277875211058722,0.14657346760470838,0.03326423323754138,3.544553796012085,0.45616933615151595
N104,2023,0.13027255577577712,56833.046417584585,0.0808974330994171,0.15343715164538477,0.06230555648876304,9.325432054575764,0.469999483835308
N105,2023,0.14861948979785267,62529.82007950092,0.18093584546985864,0.10548004612785769,0.1023279713923881,9.704235603147215,0.6037699245889695
N106,2023,0.1363234380831042,70623.21634884836,0.1663251291884451,0.20765683169566226,0.06861372495605472,8.162687876078687,0.6723007050412203
N107,2023,0.20222926943503522,42844.10689019007,0.1575991794043566,0.15833850046777698,0.05375649428182381,9.614387465683208,0.22363019090047215
N108,2023,0.2123570580727019,51769.12638388558,0.15649914307987803,0.16799281959987003,0.029169745772221256,13.797123522594102,0.4267650303570998
N109,2023,0.09418585140761172,74541.85800790106,0.17990360533101793,0.12768863450780985,0.11325932677828535,6.41908950473056,0.7838308347220003
N110,2023,0.1390549718915518,75008.73477064467,0.10305658536463486,0.22962326500321645,0.05249860456203141,10.866080887839571,0.6520643677542441
N111,2023,0.24899964062587338,57985.368877941786,0.20675657912118475,0.19967443602761065,0.01,13.913020728634457,0.2675016023928651
N112,2023,0.11835744913628868,75488.19306512485,0.22886935957793084,0.10545167848924009,0.047675571361362454,6.682885994542193,0.5570157939422529
N113,2023,0.191799139900403,55379.48573721388,0.2045762372588538,0.22551543730598042,0.10187051432369867,8.313495920265094,0.5581556252510944
N114,2023,0.15167230148583244,34748.42711668575,0.09358909534526677,0.2082425816548729,0.10846748470644695,6.296953384360234,0.48150714816942114
N115,2023,0.13471477727473083,59603.91364561609,0.16961128111737248,0.1195198240039177,0.07272183133392268,8.578481958787252,0.5971095458243442
N116,2023,0.13953144447467974,68194.26372005549,0.15044955888676564,0.13818070547367156,0.05671170588222507,9.734911122383995,0.5259977940235745
N117,2023,0.2328699934555245,56118.059059993466,0.2619053019353302,0.18804597239706194,0.05113559045912519,12.090863213532206,0.533236102048798
N118,2023,0.11923894602868637,77596.86956379961,0.17587495345386656,0.15463489279978856,0.07343150777430832,5.287371543794502,0.3746465062180389
N119,2023,0.22041145116313537,42091.12490401417,0.16000601663345948,0.2466257499742546,0.12693900438577896,11.914153304322271,0.7001688949888913
N120,2023,0.15067665474800707,32984.13398770892,0.11201283401861847,0.12061081240458806,0.041374572052466516,9.495568544245632,0.5055818844605745
N121,2023,0.2665854920497252,30310.502844363185,0.20235371792822737,0.10636284871300968,0.06717740592333449,16.22224800924992,0.4161230816827153
N122,2023,0.16139020158055106,22045.687158805056,0.12997970446839224,0.21504798174992856,0.11875042362661781,6.311351216642749,0.6993398446473044
N123,2023,0.1829187575755982,53020.3431482992,0.1425836151987105,0.29221716735085174,0.014910890148145402,10.76121898448372,0.6935386343530866
N124,2023,0.15366525385842705,76286.7948740902,0.15685882074296267,0.17540252697520511,0.04825054297734627,10.807380823735322,0.5313615449005179
N125,2023,0.17061764326429518,69323.57834784077,0.12412727647694562,0.17885501969510934,0.059122115589450644,13.378150752316504,0.5897212552823027
N126,2023,0.14906210581354168,33404.512976896774,0.23833450504997944,0.11471338495686906,0.04038700984053541,8.213016117869524,0.8748876186341634
N127,2023,0.27971445625728425,27964.886790319568,0.3696423973561996,0.2128028404533026,0.06669716742387478,9.83531799815114,0.6571108149715313
N128,2023,0.1662260641223452,67816.83642569007,0.19516509101650398,0.18778022330017244,0.06268742043765746,9.407984739078021,0.5697453432692976
N129,2023,0.19935483715329821,57076.375794709784,0.22936390678069452,0.1896778361140431,0.01,11.967702329589283,0.6389472389437549
N130,2023,0.13062158845552801,59719.36865331154,0.12280370828377798,0.21620563599930068,0.08842579386368574,7.681366996529173,0.681410457424907
N131,2023,0.1400511878288131,45425.14898188071,0.05342672846477485,0.12866413877050176,0.08587180417148275,12.85937513612826,0.7026170840194585
N132,2023,0.15547232573675718,70876.43680271995,0.1861324800980471,0.12792592023885238,0.07295767634021821,12.401228575683046,0.7508582659627149
N133,2023,0.180533286939615,77833.70057211965,0.19958126930407447,0.17757241037707916,0.09210450714949281,9.92043622225282,0.4236250697544564
N134,2023,0.102980577218449,57553.99554084354,0.09785681486354855,0.12624108625128092,0.055664439878534464,7.622740237000116,0.5384076940721919
N135,2023,0.18051796145521432,31595.779995693214,0.1649305595161057,0.16006027376811122,0.03548734106795428,11.977737005297215,0.7875140275253116
N136,2023,0.16434131834562643,35886.60203446539,0.096609265500365,0.12154288251063508,0.03180290696673406,12.488424525795246,0.5612347722454393
N137,2023,0.10031388285250277,56032.27738034084,0.02,0.19177090151046133,0.022822248154395826,10.179797890798985,0.6554753875916384
N138,2023,0.09028265554214412,80409.87893757976,0.05838257206166214,0.05,0.06551548634261084,15.401533544532562,0.8477892705878874
N139,2023,0.14353618722187017,63144.891229119385,0.11558546700575667,0.20035612983186551,0.03079361400886594,11.429073308068658,0.7010940318333254
N140,2023,0.2488140789624861,75903.1486124832,0.34317620272377547,0.17962079835893835,0.044731091228775034,9.923277063424017,0.24618481902217632
N141,2023,0.09492038064439698,49579.303033664124,0.12135022933208271,0.13379558010327036,0.06457064616101166,7.5327402028533985,0.8242061334648942
N142,2023,0.187844760644053,60003.10597377296,0.149348977520297,0.1436052641743541,0.06465572051576937,12.475294794002904,0.4265739568578199
N143,2023,0.09448939769936072,50128.25266387115,0.12873917798563347,0.09270645382633926,0.035422264208355064,8.571337379366023,0.7748778361425455
N144,2023,0.1771997168419022,63938.419935028876,0.1635512937957281,0.20254489810839862,0.055878846348018096,11.171394549786669,0.5793556494135007
N145,2023,0.12005478341092982,63980.435240994426,0.10920689396718924,0.05,0.055971625134410875,14.26824440829982,0.7852430804483185
N146,2023,0.16043635630807215,74480.96226886756,0.23652915052643525,0.16443287954807187,0.06591947122216786,8.147044313696949,0.53678542879459
N147,2023,0.15767107105695188,69236.56724656712,0.23427191060181712,0.15302768621595003,0.04649432205445765,10.001583876569791,0.720241349785823
N148,2023,0.09178689539107454,38342.17775799688,0.02,0.13247315752542083,0.023378627222575242,8.475579407058067,0.5704439362365057
N149,2023,0.24561471140414332,53201.2738646548,0.2516727274129522,0.17633723823011602,0.06901423078832485,11.866621432130206,0.37223337644384613
N150,2023,0.07294743288509785,75586.67681130403,0.1446964999425178,0.19352403086206063,0.027844283008795337,5.338723701951807,0.7635779316050058
N151,2023,0.04426826022275604,65646.14289146275,0.08685639119497426,0.11651684593626528,0.09376304353244308,6.431764321398017,0.9285345906511927
N152,2023,0.16700657044503217,46490.68898028197,0.19468743479258682,0.14356907621255077,0.07809562293247028,8.367657993657422,0.5674414187855411
N153,2023,0.142387037421625,60613.78763093582,0.07984687809529689,0.1970412172710063,0.04460359300585244,9.314200253979944,0.4011301250782975
N154,2023,0.22866308977284033,21564.995118070343,0.13662805661798816,0.2806307710806458,0.08353812863694071,9.942218860796816,0.5474218341583464
N155,2023,0.16105380972018443,60336.9883921807,0.1882983380622647,0.10095935923455776,0.09342965084006616,12.146143946323733,0.7436371451415869
N156,2023,0.15846674780494366,66577.13608214591,0.15137316603857928,0.193643061798341,0.07775442401224134,8.937877867176928,0.4852796454206198
N157,2023,0.16837803328358744,61527.8444289298,0.2584314106046631,0.09804464621730496,0.015974242027426797,10.49428252370955,0.6101775403712036
N158,2023,0.1283645325292818,62600.124965556126,0.167076723853595,0.14883988726825975,0.10469590315806246,5.197288064570453,0.4343005950439508
N159,2023,0.10888311615231125,58451.17859776429,0.034976783219208274,0.15120727977839643,0.10984410497184055,10.062659464887885,0.6461401811437367
N160,2023,0.17140560840269742,41097.528522411296,0.10685470143723658,0.14124018098380314,0.05046854709731298,13.844931385011307,0.7115382121450249
N161,2023,0.2556063280423395,43328.13064594452,0.16725533449024033,0.18491108742483925,0.09420447115563799,14.74162205970512,0.3969811616344262
N162,2023,0.15737759094914266,47837.137331844926,0.061969549875976845,0.14829900704465093,0.07399075123339004,12.962003549767307,0.5848097952714955
N163,2023,0.10713238304604943,55202.28715117734,0.16062305945741182,0.11824285491849884,0.1226861616508432,5.177016918645824,0.6369481157791449
N164,2023,0.08197232435094753,90354.0932884446,0.15047598911919985,0.15049804824992527,0.04927663731568718,9.458824954712776,0.874569694935306
N165,2023,0.17850640303970683,26822.0713300574,0.2573403590907428,0.08880214237749275,0.05200043012296755,8.712266739104015,0.7177106539541439
N166,2023,0.2280291288345406,36028.13472174379,0.182352086625736,0.2612154811643426,0.019104779862215683,10.569118502831188,0.4676035644406782
N167,2023,0.1954012788764556,66388.30809289553,0.15134034441910263,0.1279256545477845,0.07463616854613221,15.413044329360229,0.5618192416545402
N168,2023,0.12889109394276255,70796.36913222272,0.05947089294901853,0.11217818115909955,0.07417218833641132,14.452348085607895,0.671122669757132
N169,2023,0.17505880428465148,55304.12954215269,0.14995039837963478,0.09747961330151413,0.078135459790661,12.646999186970227,0.5095819334333839
N170,2023,0.22547979860820141,52949.36778360748,0.1686114760756434,0.13816401319797023,0.058016021561225324,16.299165367499548,0.5505948598508006
N171,2023,0.10141219446062127,54624.89771968167,0.10467207360553885,0.19720959857499684,0.05456327480345691,8.051880885035722,0.8642608064546025
N172,2023,0.05358967120416848,81294.04506770456,0.10797035039829063,0.06667300243196919,0.09022541069510766,7.946110522719988,0.7581251198325537
N173,2023,0.21026826893627157,30448.442734322467,0.21248181368095165,0.09944140353596094,0.08192292357199574,10.042819203509302,0.409212116120671
N174,2023,0.27099540593793836,53894.455306098294,0.19804229198696904,0.16529472265576173,0.07753238941417452,15.929321753546457,0.2871516776577897
N175,2023,0.08309352118503957,84258.18862452936,0.1573049156266249,0.11506079758384359,0.020090591227830308,9.4326388276689,0.7843300223848919
N176,2023,0.12754096482984617,58086.763194336985,0.25578084511731436,0.08744121549742205,0.05963733156461836,6.242819666760643,0.6727263765249936
N177,2023,0.09812530925902131,73303.31085145951,0.12054667444232627,0.05,0.06596844440389484,11.310215655200528,0.6808589509923395
N178,2023,0.05908138671054383,78536.73287733231,0.07502624242456657,0.19401080527252249,0.09577522537433925,4.6642372479804495,0.6639303651837954
N179,2023,0.13661754776205387,52437.302534884926,0.14429341288288478,0.1773838241769168,0.04538314307659343,7.972875762515164,0.6068304834976049
N180,2023,0.14994096967774978,43691.31091705796,0.073992240978037,0.19396866414782518,0.025536178945240316,11.998937502727635,0.6925182585707902
N181,2023,0.1457665927910135,34112.89906814105,0.10257047433650412,0.21970547015236863,0.03056503406580955,8.606787213071836,0.6924121786503793
N182,2023,0.16336744869962302,71750.85763923894,0.1323922779768853,0.13012449026541792,0.10267109585095523,15.216698991392736,0.7957716101563591
N183,2023,0.10128718095655669,61279.77213847536,0.09342139948513514,0.11847777967217174,0.07567542315797272,11.255194662666051,0.8803197185892859
N184,2023,0.09142470838103588,69756.75138804209,0.04478437887681272,0.21259738088614594,0.030058181180567613,8.848086184142945,0.6500400412503389
N185,2023,0.21342643433305086,89935.01234675947,0.3676942989203753,0.19033615295680914,0.05450410143838836,11.603516945441651,0.7775310851747672
N186,2023,0.22305944762066704,55189.98561664212,0.27566479491386253,0.1715035379595701,0.07493229267274182,11.997772756163384,0.6843173221228911
N187,2023,0.10276365841098584,72584.10750704419,0.10679227694171536,0.13208491230269848,0.02699537301084915,11.318503691860679,0.7557873007024228
N188,2023,0.16893867255788078,66866.59299227828,0.2672144703343276,0.15972019905854767,0.08006224966777538,6.724897371582057,0.5225800595051198
N189,2023,0.12010706462691814,70433.06636348667,0.20943714775202008,0.1453016526167909,0.057852022444257994,5.446378759957572,0.5285941598386781
N190,2023,0.17397693849030527,73355.74745279679,0.19026435112745965,0.1850332860690605,0.0614932106154288,10.02118947588453,0.46793577210531057
N191,2023,0.06898554797254014,70482.42630303802,0.17946810610725727,0.18460094239963998,0.044218954719972586,3.539971240386267,0.8194305423507391
N192,2023,0.16053292081597847,52817.438159873935,0.08960569651698155,0.1946739455956997,0.04823962080242611,13.179809152139866,0.7234011899153395
N193,2023,0.1073002796823459,70253.53984800716,0.054383100215962585,0.22059719926932003,0.06783751593701567,8.892168582261391,0.6286776934684501
N194,2023,0.09660466979080606,33356.4715065252,0.17860569680364696,0.10853142459089643,0.01941989142469397,5.432922441346326,0.822537674997985
N195,2023,0.1261343392386708,50561.04909460817,0.25736093969415497,0.1332099268473851,0.01,6.650426680154022,0.8471623240013877
N196,2023,0.14694937805132557,57661.52733094999,0.11161988924565792,0.1680009112926394,0.07505348208502635,13.352196447707382,0.8896998459785852
N197,2023,0.10385715061076994,54603.470313163714,0.0571766619742573,0.1393267419438362,0.06780841519748658,7.108723221368168,0.4085698170209914
N198,2023,0.15099454031494558,65156.81822324828,0.14659433539006841,0.16163984977057932,0.03724513995899792,9.308797857382698,0.4151533711463391
N199,2023,0.10046872314610299,73352.9761668718,0.22246745343066268,0.0676906068880953,0.0321146741942277,5.510412234729763,0.46999521311862036
N200,2023,0.0956409951071712,58748.43045314459,0.04852483462110288,0.11390700934373435,0.029881278837555043,10.621801988196832,0.6138688674072501
N1,2024,0.1793412574623458,49173.9366999412,0.16237746104975787,0.13266599577063673,0.0518503466902184,15.020356270895611,0.8680922103580695
N2,2024,0.1918122857837838,40506.28144608604,0.20808126925154222,0.2005698277245796,0.025552101337421453,12.456332931264582,0.9075863836825105
N3,2024,0.16777449090204904,43161.82790633379,0.08577480252900153,0.21088307334217513,0.06814485932476944,11.65442882571857,0.6681178432800994
N4,2024,0.12371346382149231,65860.43881392216,0.057146951018224174,0.21236588533107242,0.09508769977283321,9.311827767795917,0.5913046100372275
N5,2024,0.2359856066462654,37033.38746166417,0.18599783292124844,0.1886028720857072,0.058134269490020665,13.373060079611509,0.5331845538040119
N6,2024,0.12573067805558155,68469.088888404,0.0786234962915519,0.1588223924562881,0.05476937226291492,10.675923766122825,0.5260946142333283
N7,2024,0.1837689191247847,58027.911064924985,0.20782330200090543,0.13816178813808913,0.011802686977839622,15.248751712616261,0.8762908157380973
N8,2024,0.1962469405838972,40616.059573415725,0.1982795463671636,0.13485126147243284,0.06790461645993179,10.882672387040481,0.5531184399367356
N9,2024,0.13598737461807378,48243.51501620405,0.10166212633786184,0.11419040422593787,0.03504533375308666,9.798465129851934,0.4568480021778496
N10,2024,0.1796982476370808,70230.7809856893,0.25410723087351494,0.13099733793149784,0.06718213501606131,11.499055330908801,0.6944004541838549
N11,2024,0.17779240363792034,61139.32901874131,0.20198776928518056,0.18411244763403287,0.022870127330181067,12.607468193167819,0.7774581674533484
N12,2024,0.16369494436288182,48550.70843732128,0.15265564848133215,0.19416644964055346,0.05372058541261915,13.218934143298036,1.0
N13,2024,0.09601599108428521,48210.209510475266,0.05332687777923574,0.17519092978024378,0.0816468751537843,9.307400878465693,0.8906521326642068
N14,2024,0.2658177559173048,39920.91300415127,0.19850430361221277,0.12970695896205534,0.1115813371862189,15.977546059504355,0.44666868244333036
N15,2024,0.21538750655985245,51756.6429613713,0.21017115208858614,0.14064346751052426,0.05863766346203285,10.07616526162723,0.21606536876046867
N16,2024,0.07820082763909576,59792.433808586444,0.10171905581550783,0.1353438588800114,0.10330896010406443,6.2304793171622315,0.7626410373495954
N17,2024,0.1580017421512115,55815.55604502287,0.1304167882052916,0.19951859480258557,0.07020153883706672,11.711838991658592,0.7936369321065722
N18,2024,0.18017651724781808,55030.374252250156,0.10714342858445747,0.1057424736721101,0.03523768410063134,18.847283275926173,0.8489359161473573
N19,2024,0.1653145033449404,39733.88450687968,0.05742794302795008,0.1840933030859246,0.07641794392133901,11.646651505952093,0.5490088412892604
N20,2024,0.16248497543885593,58118.186099956496,0.17295156669115502,0.16429465031466653,0.01,9.310601108274419,0.42971871314793725
N21,2024,0.25259041496948126,62628.17128362768,0.3589681301822387,0.17837408327371523,0.05059410941482806,12.765404505931757,0.6965375774418425
N22,2024,0.21748980701772325,66301.41735677762,0.19247954152509697,0.26282717824147706,0.02607334694022253,11.420896230434364,0.4147237740036923
N23,2024,0.11881845899524492,68332.68969513373,0.08569194419597338,0.13913165931974578,0.051147302572862804,12.927450158034127,0.7836908887884828
N24,2024,0.15168833272578722,41314.239353304234,0.1538453877699894,0.12452100726254137,0.02224485267973996,9.348948848726888,0.538303442308836
N25,2024,0.09231072014145938,96400.74729518284,0.18030718777524873,0.09111912496228813,0.043056779874871734,13.064149886288195,1.0
N26,2024,0.11545054869963185,36210.250316430625,0.02,0.2535482587685891,0.07168842532112711,7.3951218043709,0.706925817224487
N27,2024,0.16796304690300362,20463.783914746833,0.15023628546180126,0.17639105864215426,0.08772810418613489,6.958312143122387,0.6171374322806717
N28,2024,0.11225612799918801,46118.63060910619,0.1678768628972022,0.11523268388184879,0.04775697482519338,7.012553815629313,0.7302272483647314
N29,2024,0.11444967162857289,72876.76674984998,0.13357656010298102,0.1619118997480014,0.016542257560993673,9.100970055979639,0.589959076591651
N30,2024,0.08074352058575662,99311.89636544962,0.07216230819580853,0.23320886193762186,0.08990576320397424,10.841909213470409,0.9517240968390267
N31,2024,0.20726710165309842,65581.58208910294,0.177241143696755,0.15734396734912273,0.09670706647255882,13.289407701432651,0.4748645425007575
N32,2024,0.19799270130050622,40211.29208101849,0.135791355382304,0.11999807178011768,0.058094262761539346,13.712314404052417,0.508539668982642
N33,2024,0.13256676783883958,59357.649280326375,0.15406159143658765,0.20242154411026425,0.01,8.17989911570411,0.6422567384558945
N34,2024,0.09852798672563043,78001.18434640292,0.11556682867456564,0.0661723646979063,0.07859134337898409,8.093912833523111,0.3620666681819277
N35,2024,0.13654178594430094,50634.81915430164,0.13708322496409053,0.12976276677308937,0.01,12.691198590661397,0.8549750082557444
N36,2024,0.10990749236991869,69772.82987009258,0.07036200307026283,0.1499254233026241,0.059804360543116254,11.79638316868573,0.7336680977436162
N37,2024,0.18425668501059767,48987.39301832256,0.1557396889489492,0.18286402023076206,0.103674669664403,12.11351961947417,0.7578113374751038
N38,2024,0.21735840477808394,61257.39941894041,0.24873214016424527,0.18048813979797487,0.03416736269479288,14.210109910375571,0.7395806545078055
N39,2024,0.15014019367854387,53354.339683072765,0.11643549228205297,0.1748287772570381,0.07389554385802755,10.591876796893619,0.662261734688577
N40,2024,0.12407698689274892,85499.3606186457,0.225008020656442,0.16953177956325122,0.08823931742302449,6.902428289417381,0.6795854099893618
N41,2024,0.08313432446445466,87139.59524599665,0.13473678732253383,0.11761830356904576,0.04043733334220818,6.7311008879728345,0.4430476183744593
N42,2024,0.0642313191165694,54442.37852114956,0.05161030865749504,0.16078091669748015,0.08706831521359941,7.2767314595592385,0.9038567847283537
N43,2024,0.11589104109558779,67661.88132791393,0.22214064099368402,0.12710827230739313,0.08563575681199848,6.724198298814061,0.7780495001673018
N44,2024,0.1767929125567242,62577.59009690297,0.18872758539893486,0.10122026971875742,0.03314790473170186,11.791684654760154,0.4103303991551598
N45,2024,0.1141558997964809,66948.09438148685,0.05430035354778279,0.2024087106333334,0.023024300556944724,11.656899813038569,0.7251261867292002
N46,2024,0.18641777727882825,49548.422723556374,0.19074185969593088,0.17302211316667782,0.043834744314217855,6.974335947771376,0.20747486166548412
N47,2024,0.12720543864043635,65244.750709495405,0.04046380600465613,0.16476720997206543,0.05209655351753252,12.037428326314586,0.5395909001020271
N48,2024,0.22714637285303504,55058.28320479363,0.2012309493001807,0.17675290145420589,0.06948467871548335,11.40780276942558,0.2928855753585788
N49,2024,0.14059328332108922,71351.83019980472,0.19287281558095215,0.10916584357117515,0.05267758578977396,9.882078137117107,0.5731006431196535
N50,2024,0.1855069894657223,65007.89949852802,0.2501956747281828,0.21408833638364144,0.020633424197057812,11.866209970918145,0.8657866639070819
N51,2024,0.19764912644457916,65802.12781033805,0.2263686297630177,0.26061352228503826,0.09071128638320944,10.747925786925187,0.8090176948169507
N52,2024,0.09740501986098973,62173.31749645337,0.15167321302994688,0.1424292882143134,0.10690240076496324,7.544714002173996,0.9064735449356232
N53,2024,0.09989681548946262,67497.96185610557,0.05204856776386407,0.17838246464957108,0.01,11.876524050493106,0.7770462965977982
N54,2024,0.12722206044126982,51114.6606652192,0.15864833871689077,0.2577078716875143,0.0448275988721419,6.823277238830198,0.8963326804925198
N55,2024,0.1313170617092943,89438.80785796192,0.1502586970293493,0.21057315177041783,0.10024427746592643,7.772547302384848,0.5029388329264263
N56,2024,0.25211286019534274,78463.11769732102,0.26795099950959567,0.18814404300871773,0.033605569394938375,15.961183335098323,0.49380582043760707
N57,2024,0.19622898266181138,54972.933282428225,0.1739636484142735,0.2377080210357387,0.08561927929656671,11.24459650108573,0.6926577060236212
N58,2024,0.16045548134234097,60652.72002965199,0.18906976601629544,0.05,0.05110177622790605,10.723965804750343,0.36979718327609856
N59,2024,0.16329279702902574,65794.8497671734,0.13568701453097148,0.2477737849157745,0.10719059175644569,8.602583292645512,0.5698324576866609
N60,2024,0.09046574597262164,58890.78651587411,0.1183838366688264,0.16975124920140633,0.0372515379333723,6.608153995187421,0.7245422447800537
N61,2024,0.11886515694153038,69442.94376332716,0.09369789682380053,0.20476777153812997,0.041052668125040055,10.759495714113944,0.7640688025224912
N62,2024,0.16306747385601986,59495.811529444305,0.1818318638498794,0.1341785178056214,0.05410600249715708,9.38242170735898,0.4506843306919522
N63,2024,0.09735829725375639,57348.38755326327,0.041596719079537714,0.13544231264289477,0.051453735198909875,9.23146074251386,0.5517005108258443
N64,2024,0.15831485283839772,59073.53700209806,0.18356090626602448,0.20372585370662613,0.040507043194551985,6.390397433832566,0.3915911175513794
N65,2024,0.11081544871409536,52691.956182076094,0.12536550775284436,0.12150019669012713,0.021116500072503167,8.631637517577435,0.6362853240227943
N66,2024,0.12973695291277115,68925.44198753347,0.1109803862824175,0.13935010889282828,0.03219905073458068,9.905682488875671,0.430314273161837
N67,2024,0.05332605546526556,68596.917198618,0.024989345564612186,0.1420185163773769,0.06903322017575227,10.551503548967514,1.0
N68,2024,0.11945063587468135,65247.00036851861,0.07971617822105927,0.15522678764554634,0.01,9.758200752109717,0.4333887885998482
N69,2024,0.17390757827052564,73730.85413340243,0.11153218077831255,0.15416170421023767,0.0409332647578679,15.216554055559994,0.5357514467764176
N70,2024,0.20511866401445913,87488.35565218802,0.20699062334827867,0.18410333636676932,0.07106199441952558,11.181391894648755,0.21446548413087796
N71,2024,0.13302883343005545,55816.74908773865,0.20916105798290252,0.15755514082629474,0.01784430459589275,9.842786648267591,0.9408211032510982
N72,2024,0.10900638119618286,78703.37573302079,0.14565971934437777,0.20757246385290434,0.04900478938895844,4.8883852395198435,0.4151068023740891
N73,2024,0.1380399926928309,83443.33152762297,0.1308204842719487,0.1478308010312491,0.05100485411175358,15.71240976871902,0.9251917830724127
N74,2024,0.17526316645066514,93281.70350172202,0.1388668352719964,0.17478122443735475,0.014500723517376267,14.430803278354823,0.36644408974641296
N75,2024,0.09471351502516734,63251.633456439435,0.0731888230657009,0.1305566586630652,0.03488212706850899,8.176374217972546,0.49217545937020424
N76,2024,0.21311038997930482,51775.96807612384,0.2083333738246215,0.104756860346874,0.066616242810416,13.653877456916675,0.49736072709732077
N77,2024,0.14756065590530903,49231.216638785976,0.13386327623738242,0.2189862604180355,0.06582322892860074,8.406357116177205,0.696775330237608
N78,2024,0.18247075182089434,43465.61775245365,0.19769516573100637,0.1804303653850884,0.050765745865833475,7.4842426046583075,0.4226638155433085
N79,2024,0.11866144209546403,68022.26004518865,0.23602863517423434,0.12813461264856027,0.07375160110654452,3.7389189441937933,0.4830764538685601
N80,2024,0.11945283757483363,59534.11600693647,0.08632216081127163,0.1131746812605202,0.039966613305933416,10.87657818497912,0.562534196318725
N81,2024,0.052786068589613856,26426.53150012542,0.02,0.12965674110714123,0.07373059758160656,1.757485471824296,0.5000539647696738
N82,2024,0.24013882616911844,52106.28215223868,0.24718364447459135,0.1407489094143568,0.07148966954222785,10.42377142026239,0.17388670403855983
N83,2024,0.07311470231823902,71523.10824947606,0.16507775538194014,0.18541343198372948,0.15,3.7476611815042347,0.9449393299522217
N84,2024,0.1354436578757598,55688.28720899467,0.17011302330821065,0.15772438773493788,0.04727290999805869,8.290501215283724,0.6659017471146018
N85,2024,0.1421071199560378,37242.394549924815,0.20254054172652358,0.1391902797557373,0.026097919828789264,8.64996142601256,0.8514298433725145
N86,2024,0.14524297007670023,51969.973694756656,0.1750917532746734,0.12345218621422634,0.08273765549770859,12.056523216370612,0.9697217666592823
N87,2024,0.14413695961416437,57366.54081751177,0.19680583633305346,0.16490337697694724,0.09887615345589043,7.8435028371738085,0.7490010625754562
N88,2024,0.14623178517092872,57079.54055824978,0.14550682760240516,0.16458762422241865,0.06756721189280032,9.651312870634126,0.6429426366341052
N89,2024,0.11844166605349883,83671.77086343277,0.21898147799306528,0.20345772962484482,0.04633381421928388,7.3322775153150275,0.7910601116475505
N90,2024,0.12632197295683448,73140.70188794691,0.25308694730256875,0.1298009687015385,0.05311354033918959,5.081547512423698,0.5215057787878254
N91,2024,0.16312928865790444,74948.55765869172,0.11734532345402614,0.1920239897600412,0.054284906820065655,10.972171084664682,0.3704617220368665
N92,2024,0.10476726486188512,61278.14174450852,0.02,0.15065519209190076,0.011085802688545796,13.617983549640448,0.7554814705529023
N93,2024,0.21453539367828262,67000.06472949122,0.2564704359011566,0.11255417395875814,0.11242089593746674,12.796574692781155,0.5526889425562108
N94,2024,0.0912320502956614,77034.30220774416,0.0725594541311856,0.11877429192361633,0.041742308302808985,8.413066875807955,0.3886884714479494
N95,2024,0.06625205092580201,78346.24600642988,0.13188019197411177,0.177625248417844,0.042889459007589587,4.538190098354448,0.6540114716782844
N96,2024,0.1933868075936083,31316.17536870335,0.14519561677401718,0.09158424805835948,0.11961827997692423,12.734088166524165,0.6211507582542961
N97,2024,0.0991721381863778,78955.60016482003,0.09075788157739847,0.18717396893350466,0.0659943130115614,10.79206024400101,0.8544707000213536
N98,2024,0.11096457620889766,70987.38154169703,0.17021065639775163,0.0772556281885852,0.031198611141616088,9.631873199212828,0.6186744748553302
N99,2024,0.26724390877399856,43046.94412989114,0.3188173672904895,0.23581970276267866,0.0780635496117745,10.216110583851234,0.5575582060197697
N100,2024,0.1759944295619551,45721.223099666466,0.15542363629632036,0.17288762700713753,0.02274718273555127,11.002529251734693,0.5689481902350503
N101,2024,0.20305460112706186,31382.886631839134,0.08977304924543486,0.1393197233289178,0.11663062972020571,11.669659373601274,0.3329036861800217
N102,2024,0.08347354325284109,67290.54434126455,0.0416887207743144,0.21413455269435366,0.045866260445463644,9.719091433782488,0.865159329508438
N103,2024,0.13208404529222056,40692.54647123625,0.0522017270420906,0.13082003368269976,0.0911513655305795,5.4419617735694725,0.1
N104,2024,0.15202027044861577,53232.61712386502,0.1886218559937644,0.22001308748694148,0.046105159137438026,8.765720178651993,0.8307801468511494
N105,2024,0.1567361934370498,31953.874504568692,0.12280354573718935,0.16952119449625289,0.07347656163855103,8.470579920427353,0.6068882023411682
N106,2024,0.16263489787027002,22675.08969880516,0.10392261113663061,0.18267543562772337,0.030531178972359612,10.176952664768793,0.6893745001605396
N107,2024,0.159397593311633,54861.76198713353,0.16193246396975997,0.11186337173576938,0.053801661609118596,11.830648508767668,0.6313945921936868
N108,2024,0.20729249194544885,51202.03095654097,0.1656951483003555,0.19573048953183092,0.01,13.477222194867693,0.5327490522637855
N109,2024,0.15932742293665808,66382.34899860345,0.23380728465516595,0.0914163151384767,0.0387167699271736,9.134353912372886,0.4432492957751143
N110,2024,0.06472859368545517,86024.04863755213,0.0900259534321245,0.13222266102565666,0.0661316709480893,6.3935514217717335,0.5208638576487472
N111,2024,0.07947534069813983,64761.798918752625,0.12669977169322422,0.1553306570550026,0.04412003662654887,5.4565890724576995,0.6643186422678476
N112,2024,0.059596339817648974,86323.99607470862,0.15128811415484067,0.17126320586237748,0.08078168265350578,6.192008510359902,0.9405029316259211
N113,2024,0.20476380093463648,63034.93194634203,0.2642299829362376,0.12334835022380053,0.11454185767673473,12.32546648210435,0.7106080171704716
N114,2024,0.12171260410134002,63510.36681529722,0.13260299673478854,0.22002658292369365,0.0642107960954414,4.098790889238543,0.37656270765859945
N115,2024,0.10652784056552839,57212.31371710879,0.17169992882158885,0.15717057555500522,0.09656912369380989,4.146694407884126,0.628717587301032
N116,2024,0.14813662431903063,32730.31161919268,0.2031798606838918,0.15527706427789986,0.07258829916072354,7.408351118230701,0.8558929863315502
N117,2024,0.11393186531223454,75625.86996088277,0.19084810121083212,0.15352413765682796,0.07739571855885397,7.879322296037953,0.7711111318041424
N118,2024,0.0962172965848129,84742.21341485882,0.22494273919854302,0.12351987650962953,0.07084251951819308,6.120575368724056,0.7144780622351351
N119,2024,0.08727910406206518,66759.05119293809,0.02,0.1019108078043818,0.051505833097686984,9.09742075857752,0.3581046129162389
N120,2024,0.14211086566015463,65834.68094028276,0.16760315262583583,0.15028654340107403,0.03732625499524911,13.14612137924969,0.931081422617659
N121,2024,0.12635770822567063,52746.577742301946,0.10714831579916254,0.18456038327059981,0.04925911860759041,9.581808398010297,0.7479306303449342
N122,2024,0.21224844367899737,31359.65868739061,0.24228116273968686,0.16363402621646708,0.047655205663134595,9.732297537335652,0.5924858710041038
N123,2024,0.2700739294555353,34031.98044832612,0.2546456759217265,0.16206628161353093,0.07329006391342126,12.854649311722127,0.39576750848793996
N124,2024,0.1471891167059939,67102.07848552843,0.13126512363708445,0.2023385387608247,0.01,9.702717099276192,0.47943586884320766
N125,2024,0.15640274486899503,66483.94425951233,0.18290309311577416,0.1246187052588987,0.038634784074718695,9.668003894328011,0.42067155453695837
N126,2024,0.09325271229985851,72629.7554317819,0.12415549596867875,0.05,0.04875533830134582,6.884368537468083,0.2737448369078109
N127,2024,0.16612037050168882,41438.60042666142,0.1576585930283079,0.22643204141241158,0.06939553421594939,8.18048983535278,0.6911808390341405
N128,2024,0.09526332329803608,53113.64534671512,0.10137797415857987,0.10228186658835078,0.01,8.830228880321664,0.6316106979840264
N129,2024,0.07423105143208836,58550.64494977665,0.1208823150436849,0.11271269696516095,0.07824738575054906,6.048604240160245,0.7552055827686951
N130,2024,0.13790168988292717,44966.74471609913,0.09732953338528755,0.08666074046921615,0.0449579355934309,12.925937375433936,0.7031256176887912
N131,2024,0.08138640487750412,74676.33168042052,0.1865499782153755,0.10481650857348154,0.05007632327017328,7.659402612647612,0.866114980807808
N132,2024,0.1908103532907297,42048.17030360532,0.21255883825723776,0.20464769350543846,0.11488860605148261,8.770940222111507,0.7424644319160324
N133,2024,0.1245000168118001,94224.77754808264,0.10676508261464122,0.08324798762338201,0.01,12.138136086583994,0.22336995838828322
N134,2024,0.15425123667647128,54415.21420593116,0.18061192309272725,0.1692587768414957,0.07276334592552516,10.666869567402562,0.8557731626626786
N135,2024,0.1567075922918381,45715.25428891805,0.1026103403079028,0.1213670277364588,0.0849057543558783,12.70119576518519,0.6902450638637017
N136,2024,0.11984292585560428,77752.40500334892,0.06753713928365333,0.24336120557755686,0.10569715865136775,12.20686599173724,0.956359781754212
N137,2024,0.10680999915731305,35150.651884833394,0.11328863046161436,0.12323482696590238,0.08164437971272029,6.849577781193563,0.7514990298674971
N138,2024,0.09683875726222498,80558.04215995071,0.19866420300587995,0.17418755118307505,0.030363799772977523,7.459447101623907,0.8499237810593333
N139,2024,0.05059462090903277,71690.23505857999,0.1472686336435719,0.13910452271170548,0.01,6.787442743946683,0.9822838174279447
N140,2024,0.16887739564236087,40793.166434963,0.16326358748547565,0.21037219865975992,0.022352319959931227,10.55413142434325,0.787583107502131
N141,2024,0.1908287228075637,60187.489828608755,0.3507882138966738,0.07657003705609024,0.09176185589651636,9.481594787810607,0.754384030967335
N142,2024,0.12842122078965285,66619.60727548868,0.09867906620230023,0.17144981962296701,0.01,11.809742501714181,0.6596316931981051
N143,2024,0.16426260986787125,69579.90252964654,0.22406828275610052,0.17838099201048555,0.06444268259394828,7.356794990016123,0.4575558472701898
N144,2024,0.1185271638407844,77801.01930265996,0.2505434783994185,0.1480944781843973,0.06138008241759822,7.286156875018702,0.8345513690534889
N145,2024,0.1729435292350547,69981.25235537668,0.28588522055246246,0.11608384614101305,0.04865976302945348,10.694337767576718,0.7292979075451541
N146,2024,0.09174295010061627,56764.985436785515,0.08889272366824097,0.20407037644617856,0.08163406087636745,7.251177698308825,0.8710885602210992
N147,2024,0.11427391415635574,77552.98063794905,0.1594007548073455,0.16397989311880182,0.07662173313347721,7.414890789231226,0.6060062958328164
N148,2024,0.186754368696796,27714.246830862296,0.21135189518520547,0.08192533887790703,0.10510259485286996,9.00963971810065,0.5576666036137646
N149,2024,0.19417738225928147,50583.991408732414,0.12983727882545465,0.23092656725740185,0.01,13.830896158264563,0.6676046962203416
N150,2024,0.10012262567577287,41894.67528214176,0.07472813248655334,0.24381965136041017,0.03163479360171806,6.539948468212122,0.8274629084729459
N151,2024,0.12755187189713524,65078.29314428871,0.08434520964245207,0.17083124877023095,0.02922741949079168,13.302464195267817,0.8122741929746267
N152,2024,0.13411665455065708,67980.09298232915,0.17531627428729116,0.2480594062433687,0.059990589821646755,6.454377623737597,0.6898947825664614
N153,2024,0.10540168931331245,91290.70574305671,0.07896683547699034,0.14192686166530072,0.07249338114304357,9.838285452982783,0.4035392839245371
N154,2024,0.14402249914394094,76827.86784345706,0.3124028505412082,0.16980657295119536,0.03287795130791999,5.353118424839575,0.6515951962442361
N155,2024,0.09371491371956783,76558.16014974387,0.1832617422546767,0.15987980795405732,0.04232185044632081,6.723509101845731,0.7669502652649764
N156,2024,0.1891353979740261,73706.57432078378,0.04179891493164867,0.2394919489090342,0.07722213662682004,14.19878393543738,0.33157445030297694
N157,2024,0.2106721459494316,39512.63766876842,0.13957214831628922,0.1851392213447597,0.1138908246878089,12.118236741445394,0.5514637446375933
N158,2024,0.15479260315294555,44604.46188501162,0.23610004009034052,0.11176472871246426,0.10885405664316965,9.146846051180471,0.9181164145235701
N159,2024,0.1374501349501564,70183.96935088918,0.1404103157390279,0.13403018140869366,0.0497727636796176,11.284950077125712,0.6154312992435433
N160,2024,0.17878761501592122,51092.82887896942,0.13840580127776575,0.16392885148595748,0.01,11.374504344366096,0.4040557550566386
N161,2024,0.03,42700.013951913825,0.031885895702250255,0.07030537510660548,0.01933657490663132,7.872937127108528,0.9906518275053137
N162,2024,0.19124138147902806,52111.804861571945,0.16244250743876218,0.18002406932531645,0.06393195558647546,9.767669617822019,0.36094124728015103
N163,2024,0.15834998646740767,81763.91322418817,0.27650376505465196,0.07586706529386571,0.029279142273408613,9.160568972868981,0.4070924410179617
N164,2024,0.1474755232665093,67589.48330183797,0.09902094583153707,0.26825280339033014,0.09571645783030788,10.637722091896645,0.8053972526639465
N165,2024,0.12891443944056796,76588.50636535963,0.11052367583592296,0.11918913777290177,0.06234429188908942,12.584908373493832,0.6278120797306835
N166,2024,0.23650830037404486,36345.05276713504,0.09380228892344103,0.1563013568202811,0.05773003187022509,15.917626530369425,0.32280241152020034
N167,2024,0.21910436648552523,67583.83862753812,0.25423791758298026,0.2735724872711398,0.04786807730448116,11.4742883581606,0.7139520714397294
N168,2024,0.15877826586314034,62932.22597329936,0.14308083591324858,0.1817987694750023,0.01,12.046208470187894,0.6252355807323934
N169,2024,0.2744946238787123,56662.87654832602,0.2932803537003691,0.1262532990604724,0.047907720328049075,15.974659906614203,0.4335877390300287
N170,2024,0.1398574605120233,51748.27075595192,0.13970822035984048,0.20203672410647747,0.0662340752205994,6.122123958543212,0.4935662873745621
N171,2024,0.09128584427404397,50889.68350181683,0.1445945268343868,0.18129218293149146,0.07254617267663915,4.671964737854793,0.8127881975121712
N172,2024,0.18532112151790348,63788.53268994935,0.24691724333157344,0.1822099163645336,0.09303968873207286,11.39963593435038,0.8692451512405497
N173,2024,0.22158377806061366,67833.75954026668,0.1431459327489967,0.2736217360223441,0.08667111366839676,11.72123326301324,0.34473911669233276
N174,2024,0.14847567276588855,40675.385738046934,0.17049008374992974,0.16727605988841204,0.04157632304975051,10.42294809883618,0.9177253856087192
N175,2024,0.09775960913674533,70431.03711825448,0.07012940431730831,0.15442455864285282,0.035851005574423174,8.836900250774317,0.5172768668740715
N176,2024,0.03,52835.31626093992,0.06214052396186234,0.1536172659240905,0.043181770894580696,1.2116539299931954,1.0
N177,2024,0.1293103069899174,76331.54481325008,0.12365894925525027,0.16094095248702991,0.024850369580473146,15.087168633432595,0.9794577389546223
N178,2024,0.1559241407598962,62350.40592369787,0.22164714509297412,0.1687643389466962,0.019898236833722077,8.764529893109028,0.6263855933543914
N179,2024,0.17161951570599768,53181.784218848334,0.13469427057954747,0.1554300221245443,0.05757364506403616,10.15677547149245,0.3878789867206798
N180,2024,0.13633483839686378,49244.757763080954,0.06007910140100213,0.20889077748431,0.01,13.460771029950777,0.8772698794525686
N181,2024,0.07671436668579451,55467.29119526068,0.02,0.14193447190163547,0.05807447516133542,6.9682053402132595,0.49695632123835143
N182,2024,0.11666959188696999,82952.92798295026,0.19654490136112188,0.113771794281095,0.012072024912137033,9.018948047170687,0.5573086441299123
N183,2024,0.17227836292838844,67442.98781044975,0.11252783012026386,0.1855749787680931,0.11805462120180688,12.446503067332788,0.5903822985338455
N184,2024,0.15703886555221516,57252.74293420058,0.125032880607409,0.21903204562260725,0.04118059662146091,10.135668126999947,0.6102395803762171
N185,2024,0.14925554148643128,52473.23710782702,0.05392741164811293,0.17614872518088343,0.05816988084433849,11.50072140830971,0.4932799387121666
N186,2024,0.12635310719031534,78312.31948219571,0.08862583531517085,0.24560201420089464,0.01,11.304310193670673,0.6950861365053247
N187,2024,0.24795692695694996,48066.643980886765,0.17970757565027087,0.22397593348800793,0.01,11.508234422472444,0.10134583593398444
N188,2024,0.14839348811319947,45515.02794715188,0.2640416455430662,0.1309108983303973,0.024783601067730823,9.406186813045954,1.0
N189,2024,0.2033243628129339,32524.766291909607,0.07640830618524587,0.23487158415898132,0.11573107030613197,9.689706327129148,0.3521894594946715
N190,2024,0.17025284656040462,91437.65252713738,0.2616109674224438,0.19394734938811165,0.0356279295318774,9.85291197748589,0.5679279837910338
N191,2024,0.2274245205539192,64962.769569233664,0.2515701006691935,0.20397085205687016,0.027678717690457252,14.129489350058613,0.662626428002631
N192,2024,0.1792820518735077,70305.98693788375,0.2526578601495022,0.10442098752432244,0.05892523263880611,8.405636345922355,0.2864281149269088
N193,2024,0.20408280796552655,65200.6496640738,0.32580895861090964,0.06799611277471236,0.05903158166851589,11.92162880522432,0.6246156403312362
N194,2024,0.03,58303.079212263896,0.059054854558792294,0.1716393371470082,0.037297080689522207,3.4302348850643405,0.8389184441027462
N195,2024,0.1356025870616947,74375.78729763064,0.1536162683795756,0.17145373441028514,0.09222954038146683,10.673018970334248,0.7808035109522629
N196,2024,0.1533329254964086,55537.766986892246,0.24183886170017627,0.1760392862966342,0.06582155830817622,6.189816733863903,0.6573911708603417
N197,2024,0.16309572425422253,47520.67623758323,0.1053202091430054,0.11923121858419394,0.028012952043023245,16.374314209050887,0.8662678123976806
N198,2024,0.0777528807701387,88805.51253216392,0.06439734863111052,0.16356268749554462,0.021194771243877128,7.912915368408807,0.41637460331668497
N199,2024,0.23866027128540682,78593.76009662342,0.1222639225328768,0.21341896668470084,0.07812362668765553,16.910916256314366,0.3041111553720552
N200,2024,0.16928783731270686,78888.49859680198,0.23025086092805092,0.11133105809864827,0.09021400009419478,11.008434889078686,0.5545047480093184
